Especie	Methanogenesis and methanotrophy: Key functional gene	Methanogenesis and methanotrophy: acetate => methane, pt 1	Methanogenesis and methanotrophy: acetate => methane, pt 2	Methanogenesis and methanotrophy: acetate => methane, pt 3	Methanogenesis and methanotrophy: dimethylamine => monomethylamine	Methanogenesis and methanotrophy: methane => methanol, with oxygen (mmo)	Methanogenesis and methanotrophy: methane => methanol, with oxygen (pmo)	Methanogenesis and methanotrophy: methanol => methane	Methanogenesis and methanotrophy: monomethylamine => ammonia	Methanogenesis and methanotrophy: putative but not defining CO2 => methane	Methanogenesis and methanotrophy: trimethylamine => dimethylamine	Nitrogen metabolism: Bacterial (aerobic-specific) ammonia oxidation	Nitrogen metabolism: Bacterial (anaerobic-specific) ammonia oxidation	Nitrogen metabolism: Bacterial/Archaeal ammonia oxidation	Nitrogen metabolism: Dissimilatory nitrite reduction to ammonia (DNRA)	Nitrogen metabolism: Nitrogen fixation altennative	Nitrogen metabolism: ammonia => nitrite	Nitrogen metabolism: nitrate => nitrite	Nitrogen metabolism: nitric oxide => nitrous oxide	Nitrogen metabolism: nitrite => nitric oxide	Nitrogen metabolism: nitrite=> nitrate	Nitrogen metabolism: nitrogen => ammonia	Nitrogen metabolism: nitrous oxide => nitrogen	Other Reductases: TMAO reductase	Other Reductases: arsenate reduction, pt 1	Other Reductases: arsenate reduction, pt 2	Other Reductases: mercury reduction	Other Reductases: selenate/Chlorate reduction	Photosynthesis: Photosystem I	Photosynthesis: Photosystem II	SCFA and alcohol conversions: Alcohol production	SCFA and alcohol conversions: Butyrate, pt 1	SCFA and alcohol conversions: Butyrate, pt 2	SCFA and alcohol conversions: Propionate, pt 1	SCFA and alcohol conversions: Propionate, pt 2	SCFA and alcohol conversions: acetate, pt 1	SCFA and alcohol conversions: acetate, pt 2	SCFA and alcohol conversions: acetate, pt 3	SCFA and alcohol conversions: lactate D	SCFA and alcohol conversions: lactate L	SCFA and alcohol conversions: pyruvate => acetyl CoA v1	SCFA and alcohol conversions: pyruvate => acetyl CoA v2	SCFA and alcohol conversions: pyruvate => acetylCoA f+ formate v3	Sulfur metabolism: Thiosulfate oxidation by SOX complex, thiosulfate => sulfate	Sulfur metabolism: dissimilatory sulfate reduction (and oxidation) sulfate => sulfide	Sulfur metabolism: tetrathionate => thiosulfate	Sulfur metabolism: thiosulfate => sulfite
Saccharibacter sp.	0	0	0	0	0	0	0	0	0	0	0	0	0	0	0	0	0	0	0	0	0	0	0	0	0	0	0	0	0	0	1	0	0	0	0	0	0	0	1	0	0	0	0	0	0	0	0
Fructobacillus cardui	0	0	1	1	0	0	0	0	0	0	0	0	0	0	0	0	0	0	0	0	0	0	0	0	0	0	0	0	0	0	0	0	0	0	0	1	0	0	1	0	0	0	0	0	0	0	0
Microbacterium sp001619615	0	1	1	0	0	0	0	0	0	0	0	0	0	0	0	0	0	0	0	0	0	0	0	0	0	0	0	0	0	0	1	0	0	0	0	1	0	0	0	1	1	0	0	0	0	0	0
Xylocopilactobacillus indeterminado	0	0	1	1	0	0	0	0	0	0	0	0	0	0	0	0	0	0	0	0	0	0	0	0	0	0	0	0	0	0	0	0	0	0	0	1	0	0	1	1	0	0	0	0	0	0	0
Sediminibacterium sp902168225	0	1	0	0	0	0	0	0	0	0	0	0	0	0	0	0	0	0	0	0	0	0	0	0	0	0	0	0	0	0	0	0	0	0	0	0	0	0	1	0	0	1	0	0	0	0	0
Lactobacillus bombicola	0	0	1	0	0	0	0	0	0	0	0	0	0	0	0	0	0	0	0	0	0	0	0	0	0	0	0	0	0	0	0	0	0	0	0	1	0	0	1	1	0	0	0	0	0	0	0
Snodgrassella communis	0	0	1	0	0	0	0	0	0	0	0	0	0	0	0	0	0	1	0	0	1	0	0	0	1	0	0	0	0	0	1	0	0	0	0	1	0	0	1	1	1	0	0	0	0	0	0
Rahnella variigena	0	1	1	0	0	0	0	0	0	0	0	0	0	0	0	0	0	1	0	1	1	0	0	0	1	0	0	0	0	0	1	0	0	0	0	1	0	0	1	0	1	0	1	0	0	0	0
Pantoea agglomerans	0	1	1	0	0	0	0	0	0	0	0	0	0	0	0	0	0	1	0	1	1	0	0	0	1	0	0	0	0	0	1	0	0	0	0	1	0	0	1	0	1	0	1	0	0	0	0
Fructobacillus tropaeoli	0	0	1	1	0	0	0	0	0	0	0	0	0	0	0	0	0	0	0	0	0	0	0	0	0	0	0	0	0	0	0	0	0	0	0	1	0	0	1	0	0	0	0	0	0	0	0
Entomomonas sp.	0	0	1	0	0	0	0	0	0	0	0	0	0	0	0	0	0	1	0	0	1	0	0	0	0	0	0	0	0	0	1	0	0	0	0	1	0	0	0	0	1	0	1	0	0	0	0
Pantoea trifolii	0	1	1	0	0	0	0	0	0	0	0	0	0	0	0	0	0	1	0	1	0	0	0	0	1	0	0	0	0	0	0	0	0	0	0	1	0	0	0	0	1	0	1	0	0	0	0
Gilliamella sp009795885	0	0	1	0	0	0	0	0	0	0	0	0	0	0	0	0	0	0	0	1	0	0	0	0	0	0	0	0	0	0	1	0	0	0	0	1	0	0	1	0	1	0	1	0	0	0	0
Gilliamella mensalis	0	0	1	0	0	0	0	0	0	0	0	0	0	0	0	0	0	0	0	1	0	0	0	0	0	0	0	0	0	0	1	0	0	0	0	1	0	0	1	0	1	0	1	0	0	0	0
Gilliamella bombicola	0	0	1	0	0	0	0	0	0	0	0	0	0	0	0	0	0	0	0	1	0	0	0	0	0	0	0	0	0	0	1	0	0	0	0	1	0	0	1	0	1	0	1	0	0	0	0
Bombiscardovia coagulans	0	0	1	0	0	0	0	0	0	0	0	0	0	0	0	0	0	0	0	0	0	0	0	0	0	0	0	0	0	0	1	0	0	0	0	1	0	0	0	1	0	0	1	0	0	0	0
Gilliamella apicola_H	0	0	1	0	0	0	0	0	0	0	0	0	0	0	0	0	0	0	0	1	0	0	0	0	0	0	0	0	0	0	1	0	0	0	0	1	0	0	1	0	1	0	1	0	0	0	0
Snodgrassella alvi_B	0	0	1	0	0	0	0	0	0	0	0	0	0	0	0	0	0	1	0	0	1	0	0	0	1	0	0	0	0	0	1	0	0	0	0	1	0	0	1	1	1	0	0	0	0	0	0
Lactobacillus bombicola	0	0	1	0	0	0	0	0	0	0	0	0	0	0	0	0	0	0	0	0	0	0	0	0	0	0	0	0	0	0	0	0	0	0	0	1	0	0	0	0	0	0	0	0	0	0	0
Snodgrassella gandavensis	0	0	1	0	0	0	0	0	0	0	0	0	0	0	0	0	0	1	0	0	1	0	0	0	1	0	0	0	0	0	1	0	0	0	0	1	0	0	1	1	1	0	0	0	0	0	0
