Name	Completeness	Contamination	Completeness_Model_Used	Translation_Table_Used	Coding_Density	Contig_N50	Average_Gene_Length	Genome_Size	GC_Content	Total_Coding_Sequences	Total_Contigs	Max_Contig_Length	Additional_Notes	Categoria	Organismo	Localizacion	Anio	CodigoMuestra	Sufijo	BinID	Locality	Provincia	Habitat
BPART241001.MAGScoT_cleanbin_000001	81.08	3.76	Neural Network (Specific Model)	11	0.88	3079	253.7308362369338	1982447	0.36	2296	723	22558	None	Calidad media	B	ART	2024	1001		MAGScoT_cleanbin_000001	Artikutza	Guipuzcoa	Natural
BPART241001.MAGScoT_cleanbin_000002	66.02	2.76	Gradient Boost (General Model)	11	0.693	2206	208.19849357554276	2028630	0.45	2257	927	45323	None	Calidad media	B	ART	2024	1001		MAGScoT_cleanbin_000002	Artikutza	Guipuzcoa	Natural
BPART241002.MAGScoT_cleanbin_000001	100	0.18	Neural Network (Specific Model)	11	0.826	44815	298.1954954954955	2401900	0.44	2220	81	128122	None	Alta calidad	B	ART	2024	1002		MAGScoT_cleanbin_000001	Artikutza	Guipuzcoa	Natural
BPART241002.MAGScoT_cleanbin_000002	88.18	16.08	Neural Network (Specific Model)	11	0.827	5465	263.7069692058347	2945519	0.37	3085	661	63154	None	Rejects	B	ART	2024	1002		MAGScoT_cleanbin_000002	Artikutza	Guipuzcoa	Natural
BPART241002.MAGScoT_cleanbin_000003	61.17	0.01	Neural Network (Specific Model)	11	0.867	2118	247.38716981132075	1131301	0.48	1325	565	9330	None	Calidad media	B	ART	2024	1002		MAGScoT_cleanbin_000003	Artikutza	Guipuzcoa	Natural
BPART241003.MAGScoT_cleanbin_000001	100	0.09	Neural Network (Specific Model)	11	0.829	43974	299.92349726775956	2378716	0.44	2196	81	164816	None	Alta calidad	B	ART	2024	1003		MAGScoT_cleanbin_000001	Artikutza	Guipuzcoa	Natural
BPART241003.MAGScoT_cleanbin_000002	92.62	1.57	Neural Network (Specific Model)	11	0.905	5686	276.3018509729473	1926172	0.51	2107	427	29682	None	Alta calidad	B	ART	2024	1003		MAGScoT_cleanbin_000002	Artikutza	Guipuzcoa	Natural
BPART241003.MAGScoT_cleanbin_000003	92.61	2.26	Neural Network (Specific Model)	11	0.855	12188	287.99403578528825	2537057	0.35	2515	291	55449	None	Alta calidad	B	ART	2024	1003		MAGScoT_cleanbin_000003	Artikutza	Guipuzcoa	Natural
BPART241004.MAGScoT_cleanbin_000001	61.79	4.27	Neural Network (Specific Model)	11	0.836	1993	229.50202898550725	1417784	0.46	1725	753	8613	None	Calidad media	B	ART	2024	1004		MAGScoT_cleanbin_000001	Artikutza	Guipuzcoa	Natural
BPART241006.MAGScoT_cleanbin_000001	100	0.18	Neural Network (Specific Model)	11	0.834	18104	295.83806421591436	2282906	0.45	2149	185	100438	None	Alta calidad	B	ART	2024	1006		MAGScoT_cleanbin_000001	Artikutza	Guipuzcoa	Natural
BPART241006.MAGScoT_cleanbin_000002	86.72	23.98	Neural Network (Specific Model)	11	0.821	5876	274.251837524178	2586075	0.37	2585	654	32760	None	Rejects	B	ART	2024	1006		MAGScoT_cleanbin_000002	Artikutza	Guipuzcoa	Natural
BPART241017M.MAGScoT_cleanbin_000001	100	0.14	Neural Network (Specific Model)	11	0.819	149581	294.96417781614156	2499279	0.44	2317	64	419085	None	Alta calidad	B	ART	2024	1017	M	MAGScoT_cleanbin_000001	Artikutza	Guipuzcoa	Natural
BPART241017M.MAGScoT_cleanbin_000002	93.4	0.49	Neural Network (Specific Model)	11	0.877	33224	282.06019417475727	1488635	0.44	1545	69	70170	None	Alta calidad	B	ART	2024	1017	M	MAGScoT_cleanbin_000002	Artikutza	Guipuzcoa	Natural
BPART241017M.MAGScoT_cleanbin_000003	99.9	3.98	Gradient Boost (General Model)	11	0.783	5482	269.77070328755724	2478977	0.47	2403	788	35197	None	Alta calidad	B	ART	2024	1017	M	MAGScoT_cleanbin_000003	Artikutza	Guipuzcoa	Natural
BPART241017M.MAGScoT_cleanbin_000004	82.21	5.81	Neural Network (Specific Model)	11	0.807	10292	281.85769046478197	2183299	0.36	2087	358	35479	None	Calidad media	B	ART	2024	1017	M	MAGScoT_cleanbin_000004	Artikutza	Guipuzcoa	Natural
BPART241017M.MAGScoT_cleanbin_000005	68.78	11.58	Gradient Boost (General Model)	11	0.751	3491	225.52738249245365	2083368	0.33	2319	753	33891	None	Calidad aceptable	B	ART	2024	1017	M	MAGScoT_cleanbin_000005	Artikutza	Guipuzcoa	Natural
BPART241017M.MAGScoT_cleanbin_000006	74.1	8.42	Neural Network (Specific Model)	11	0.866	10055	280.934649122807	2215903	0.36	2280	329	49085	None	Calidad media	B	ART	2024	1017	M	MAGScoT_cleanbin_000006	Artikutza	Guipuzcoa	Natural
BPART251001.MAGScoT_cleanbin_000001	100	0.13	Neural Network (Specific Model)	11	0.824	61766	299.63003165988243	2408291	0.44	2211	66	215148	None	Alta calidad	B	ART	2025	1001		MAGScoT_cleanbin_000001	Artikutza	Guipuzcoa	Natural
BPART251001.MAGScoT_cleanbin_000002	100	46.18	Neural Network (Specific Model)	11	0.83	9460	278.632576845734	3501089	0.36	3481	588	47042	None	Rejects	B	ART	2025	1001		MAGScoT_cleanbin_000002	Artikutza	Guipuzcoa	Natural
BPART251001.MAGScoT_cleanbin_000003	66.72	11.24	Gradient Boost (General Model)	11	0.864	2071	231.50443717888837	1717040	0.44	2141	879	9639	None	Calidad aceptable	B	ART	2025	1001		MAGScoT_cleanbin_000003	Artikutza	Guipuzcoa	Natural
BPART251002.MAGScoT_cleanbin_000001	100	0.08	Neural Network (Specific Model)	11	0.825	101609	295.6325991189427	2436886	0.44	2270	71	186195	None	Alta calidad	B	ART	2025	1002		MAGScoT_cleanbin_000001	Artikutza	Guipuzcoa	Natural
BPART251002.MAGScoT_cleanbin_000002	99.71	0.06	Neural Network (Specific Model)	11	0.88	57104	300.2925877763329	1571693	0.35	1538	45	185927	None	Alta calidad	B	ART	2025	1002		MAGScoT_cleanbin_000002	Artikutza	Guipuzcoa	Natural
BPART251002.MAGScoT_cleanbin_000003	99.89	0	Neural Network (Specific Model)	11	0.919	181151	324.39757207890744	3482493	0.71	3295	35	405015	None	Alta calidad	B	ART	2025	1002		MAGScoT_cleanbin_000003	Artikutza	Guipuzcoa	Natural
BPART251002.MAGScoT_cleanbin_000004	98.37	0.09	Gradient Boost (General Model)	11	0.873	285780	307.13700305810397	1720719	0.33	1635	31	357545	None	Alta calidad	B	ART	2025	1002		MAGScoT_cleanbin_000004	Artikutza	Guipuzcoa	Natural
BPART251002.MAGScoT_cleanbin_000005	99.14	0.09	Neural Network (Specific Model)	11	0.878	414952	355.905701754386	1661597	0.47	1368	8	542547	None	Alta calidad	B	ART	2025	1002		MAGScoT_cleanbin_000005	Artikutza	Guipuzcoa	Natural
BPART251002.MAGScoT_cleanbin_000006	99.29	0.35	Gradient Boost (General Model)	11	0.939	14774	320.6564226519337	2961531	0.37	2896	305	50018	None	Alta calidad	B	ART	2025	1002		MAGScoT_cleanbin_000006	Artikutza	Guipuzcoa	Natural
BPART251002.MAGScoT_cleanbin_000007	85.35	5.63	Neural Network (Specific Model)	11	0.861	9860	279.44191144234986	2218782	0.36	2281	366	60214	None	Calidad media	B	ART	2025	1002		MAGScoT_cleanbin_000007	Artikutza	Guipuzcoa	Natural
BPART251002.MAGScoT_cleanbin_000008	73.27	4.17	Neural Network (Specific Model)	11	0.85	5963	252.84180543382996	2031611	0.35	2282	483	39955	None	Calidad media	B	ART	2025	1002		MAGScoT_cleanbin_000008	Artikutza	Guipuzcoa	Natural
BPART251002.MAGScoT_cleanbin_000009	56.51	4.26	Neural Network (Specific Model)	11	0.839	5671	252.93713681986264	1709124	0.35	1893	400	39493	None	Calidad media	B	ART	2025	1002		MAGScoT_cleanbin_000009	Artikutza	Guipuzcoa	Natural
BPART251003.MAGScoT_cleanbin_000001	100	0.41	Neural Network (Specific Model)	11	0.822	35551	292.82478260869567	2453035	0.44	2300	131	118486	None	Alta calidad	B	ART	2025	1003		MAGScoT_cleanbin_000001	Artikutza	Guipuzcoa	Natural
BPART251003.MAGScoT_cleanbin_000002	98.6	0.4	Gradient Boost (General Model)	11	0.877	30418	298.1206030150754	1620024	0.34	1592	95	80319	None	Alta calidad	B	ART	2025	1003		MAGScoT_cleanbin_000002	Artikutza	Guipuzcoa	Natural
BPART251003.MAGScoT_cleanbin_000003	94.2	1.35	Neural Network (Specific Model)	11	0.877	8651	317.64484679665736	1558937	0.47	1436	249	37872	None	Alta calidad	B	ART	2025	1003		MAGScoT_cleanbin_000003	Artikutza	Guipuzcoa	Natural
BPART251003.MAGScoT_cleanbin_000004	84.14	21.69	Neural Network (Specific Model)	11	0.862	4781	265.9202268431002	2445303	0.36	2645	676	60181	None	Rejects	B	ART	2025	1003		MAGScoT_cleanbin_000004	Artikutza	Guipuzcoa	Natural
BPART251004.MAGScoT_cleanbin_000001	100	0.11	Neural Network (Specific Model)	11	0.822	63394	295.8763996554694	2504024	0.44	2322	85	164044	None	Alta calidad	B	ART	2025	1004		MAGScoT_cleanbin_000001	Artikutza	Guipuzcoa	Natural
BPART251004.MAGScoT_cleanbin_000002	99.7	0.07	Neural Network (Specific Model)	11	0.879	905077	361.07515337423314	1605575	0.47	1304	8	905077	None	Alta calidad	B	ART	2025	1004		MAGScoT_cleanbin_000002	Artikutza	Guipuzcoa	Natural
BPART251004.MAGScoT_cleanbin_000003	87.17	24.09	Gradient Boost (General Model)	11	0.892	2278	227.82441860465116	1971590	0.35	2580	928	18350	None	Rejects	B	ART	2025	1004		MAGScoT_cleanbin_000003	Artikutza	Guipuzcoa	Natural
BPART251004.MAGScoT_cleanbin_000004	92.9	31.36	Neural Network (Specific Model)	11	0.834	5518	259.9202706678435	3171305	0.36	3399	844	46869	None	Rejects	B	ART	2025	1004		MAGScoT_cleanbin_000004	Artikutza	Guipuzcoa	Natural
BPART251004.MAGScoT_cleanbin_000005	68.43	3.76	Gradient Boost (General Model)	11	0.917	2302	230.57271448663855	2675703	0.7	3555	1248	41519	None	Calidad media	B	ART	2025	1004		MAGScoT_cleanbin_000005	Artikutza	Guipuzcoa	Natural
BPART251005.MAGScoT_cleanbin_000001	100	0.1	Neural Network (Specific Model)	11	0.82	95761	292.43043844856663	2534609	0.44	2372	60	218122	None	Alta calidad	B	ART	2025	1005		MAGScoT_cleanbin_000001	Artikutza	Guipuzcoa	Natural
BPART251005.MAGScoT_cleanbin_000002	94.54	1.6	Neural Network (Specific Model)	11	0.853	16459	315.472915398661	1819565	0.47	1643	201	93519	None	Alta calidad	B	ART	2025	1005		MAGScoT_cleanbin_000002	Artikutza	Guipuzcoa	Natural
BPART251005.MAGScoT_cleanbin_000003	84.28	6.57	Gradient Boost (General Model)	11	0.59	1902	127.89729299363056	8101536	0.33	12560	4450	9706	None	Calidad media	B	ART	2025	1005		MAGScoT_cleanbin_000003	Artikutza	Guipuzcoa	Natural
BPART251005.MAGScoT_cleanbin_000004	89.18	73.48	Neural Network (Specific Model)	11	0.847	11538	282.3693867696765	4137655	0.36	4142	524	75709	None	Rejects	B	ART	2025	1005		MAGScoT_cleanbin_000004	Artikutza	Guipuzcoa	Natural
BPATZ241114.MAGScoT_cleanbin_000001	100	0.19	Neural Network (Specific Model)	11	0.823	86147	300.1749116607774	2473376	0.44	2264	65	198181	None	Alta calidad	B	ATZ	2024	1114		MAGScoT_cleanbin_000001	Asteazu	Guipuzcoa	Agricola
BPATZ241114.MAGScoT_cleanbin_000002	99.91	0.03	Neural Network (Specific Model)	11	0.877	267910	303.5689655172414	1624380	0.35	1566	14	425397	None	Alta calidad	B	ATZ	2024	1114		MAGScoT_cleanbin_000002	Asteazu	Guipuzcoa	Agricola
BPATZ241114.MAGScoT_cleanbin_000003	99.8	0.07	Neural Network (Specific Model)	11	0.876	253916	364.3733539891557	1609659	0.47	1291	8	651280	None	Alta calidad	B	ATZ	2024	1114		MAGScoT_cleanbin_000003	Asteazu	Guipuzcoa	Agricola
BPATZ241114.MAGScoT_cleanbin_000004	99.61	59.64	Neural Network (Specific Model)	11	0.857	6724	263.6731943567067	4376256	0.36	4749	953	60217	None	Rejects	B	ATZ	2024	1114		MAGScoT_cleanbin_000004	Asteazu	Guipuzcoa	Agricola
BPATZ241115.MAGScoT_cleanbin_000001	100	0.16	Neural Network (Specific Model)	11	0.823	87992	305.84723481414323	2455095	0.44	2206	51	259502	None	Alta calidad	B	ATZ	2024	1115		MAGScoT_cleanbin_000001	Asteazu	Guipuzcoa	Agricola
BPATZ241115.MAGScoT_cleanbin_000002	90.55	52.35	Neural Network (Specific Model)	11	0.842	8628	278.1076999257242	3998263	0.36	4039	611	57390	None	Rejects	B	ATZ	2024	1115		MAGScoT_cleanbin_000002	Asteazu	Guipuzcoa	Agricola
BPATZ241115.MAGScoT_cleanbin_000003	72.33	17.07	Gradient Boost (General Model)	11	0.837	1626	215.74694873881205	1895150	0.42	2458	1165	7257	None	Rejects	B	ATZ	2024	1115		MAGScoT_cleanbin_000003	Asteazu	Guipuzcoa	Agricola
BPATZ241116.MAGScoT_cleanbin_000001	100	0.08	Neural Network (Specific Model)	11	0.819	103110	300.76116681859617	2412886	0.44	2194	44	224061	None	Alta calidad	B	ATZ	2024	1116		MAGScoT_cleanbin_000001	Asteazu	Guipuzcoa	Agricola
BPATZ241116.MAGScoT_cleanbin_000002	86.12	0.56	Neural Network (Specific Model)	11	0.877	63169	306.8051181102362	1596111	0.34	1524	44	154080	None	Calidad media	B	ATZ	2024	1116		MAGScoT_cleanbin_000002	Asteazu	Guipuzcoa	Agricola
BPATZ241116.MAGScoT_cleanbin_000003	99.13	0.09	Neural Network (Specific Model)	11	0.817	61088	337.36960985626285	1806301	0.47	1461	93	145085	None	Alta calidad	B	ATZ	2024	1116		MAGScoT_cleanbin_000003	Asteazu	Guipuzcoa	Agricola
BPATZ241116.MAGScoT_cleanbin_000004	87.08	10.56	Neural Network (Specific Model)	11	0.87	5477	262.3421154591244	2331256	0.36	2581	598	42991	None	Calidad aceptable	B	ATZ	2024	1116		MAGScoT_cleanbin_000004	Asteazu	Guipuzcoa	Agricola
BPATZ241117.MAGScoT_cleanbin_000001	100	0.2	Neural Network (Specific Model)	11	0.82	82593	298.25293861558555	2503750	0.44	2297	67	171531	None	Alta calidad	B	ATZ	2024	1117		MAGScoT_cleanbin_000001	Asteazu	Guipuzcoa	Agricola
BPATZ241117.MAGScoT_cleanbin_000002	98.34	0.34	Gradient Boost (General Model)	11	0.877	75754	305.3674889310563	1646865	0.34	1581	32	179208	None	Alta calidad	B	ATZ	2024	1117		MAGScoT_cleanbin_000002	Asteazu	Guipuzcoa	Agricola
BPATZ241117.MAGScoT_cleanbin_000003	99.99	6.21	Neural Network (Specific Model)	11	0.865	12779	287.66104800293147	2717775	0.36	2729	405	195375	None	Calidad media	B	ATZ	2024	1117		MAGScoT_cleanbin_000003	Asteazu	Guipuzcoa	Agricola
BPATZ241118.MAGScoT_cleanbin_000001	100	0.09	Neural Network (Specific Model)	11	0.823	87341	300.949430523918	2406283	0.44	2195	55	257298	None	Alta calidad	B	ATZ	2024	1118		MAGScoT_cleanbin_000001	Asteazu	Guipuzcoa	Agricola
BPATZ241118.MAGScoT_cleanbin_000002	98.48	0.26	Gradient Boost (General Model)	11	0.874	145237	311.0130548302872	1632188	0.34	1532	25	357205	None	Alta calidad	B	ATZ	2024	1118		MAGScoT_cleanbin_000002	Asteazu	Guipuzcoa	Agricola
BPATZ241118.MAGScoT_cleanbin_000003	93.92	7.78	Neural Network (Specific Model)	11	0.843	5682	257.8230690711126	2693846	0.35	2939	658	30122	None	Calidad media	B	ATZ	2024	1118		MAGScoT_cleanbin_000003	Asteazu	Guipuzcoa	Agricola
BPATZ241118.MAGScoT_cleanbin_000004	70.6	3.05	Gradient Boost (General Model)	11	0.815	1941	222.76594623089088	3104697	0.66	3794	1661	36901	None	Calidad media	B	ATZ	2024	1118		MAGScoT_cleanbin_000004	Asteazu	Guipuzcoa	Agricola
BPATZ241118.MAGScoT_cleanbin_000005	65.88	4.92	Neural Network (Specific Model)	11	0.829	6547	253.48716814159292	2070299	0.36	2260	591	34907	None	Calidad media	B	ATZ	2024	1118		MAGScoT_cleanbin_000005	Asteazu	Guipuzcoa	Agricola
BPATZ251101.MAGScoT_cleanbin_000001	100	0.25	Neural Network (Specific Model)	11	0.825	39192	296.66510238907847	2526529	0.44	2344	114	199013	None	Alta calidad	B	ATZ	2025	1101		MAGScoT_cleanbin_000001	Asteazu	Guipuzcoa	Agricola
BPATZ251101.MAGScoT_cleanbin_000002	95.98	2.51	Neural Network (Specific Model)	11	0.821	31913	297.0179372197309	2175676	0.43	2007	181	85616	None	Alta calidad	B	ATZ	2025	1101		MAGScoT_cleanbin_000002	Asteazu	Guipuzcoa	Agricola
BPATZ251101.MAGScoT_cleanbin_000003	74.02	8.47	Gradient Boost (General Model)	11	0.792	2087	239.53028747433265	1763197	0.46	1948	884	21213	None	Calidad media	B	ATZ	2025	1101		MAGScoT_cleanbin_000003	Asteazu	Guipuzcoa	Agricola
BPATZ251102.MAGScoT_cleanbin_000001	100	0.05	Neural Network (Specific Model)	11	0.822	82155	301.34064458370636	2454873	0.44	2234	54	270072	None	Alta calidad	B	ATZ	2025	1102		MAGScoT_cleanbin_000001	Asteazu	Guipuzcoa	Agricola
BPATZ251102.MAGScoT_cleanbin_000002	85.18	15.28	Neural Network (Specific Model)	11	0.848	5782	265.1228906823184	2552814	0.36	2726	642	30865	None	Rejects	B	ATZ	2025	1102		MAGScoT_cleanbin_000002	Asteazu	Guipuzcoa	Agricola
BPATZ251103.MAGScoT_cleanbin_000002	95.69	11.62	Neural Network (Specific Model)	11	0.847	6025	270.51878021569354	2571577	0.36	2689	642	29724	None	Calidad aceptable	B	ATZ	2025	1103		MAGScoT_cleanbin_000002	Asteazu	Guipuzcoa	Agricola
BPATZ251103.MAGScoT_cleanbin_000003	78.2	4.06	Gradient Boost (General Model)	11	0.851	3146	263.8015364916773	1451031	0.48	1562	512	23707	None	Calidad media	B	ATZ	2025	1103		MAGScoT_cleanbin_000003	Asteazu	Guipuzcoa	Agricola
BPATZ251104.MAGScoT_cleanbin_000001	100	0.16	Neural Network (Specific Model)	11	0.824	100352	304.93211009174314	2418042	0.44	2180	46	554247	None	Alta calidad	B	ATZ	2025	1104		MAGScoT_cleanbin_000001	Asteazu	Guipuzcoa	Agricola
BPATZ251104.MAGScoT_cleanbin_000002	89.73	2.29	Neural Network (Specific Model)	11	0.915	5461	267.6496294403271	3425785	0.7	3913	830	67170	None	Calidad media	B	ATZ	2025	1104		MAGScoT_cleanbin_000002	Asteazu	Guipuzcoa	Agricola
BPATZ251104.MAGScoT_cleanbin_000003	70.56	2.87	Neural Network (Specific Model)	11	0.891	2244	231.32016232379328	3639203	0.56	4682	1740	18544	None	Calidad media	B	ATZ	2025	1104		MAGScoT_cleanbin_000003	Asteazu	Guipuzcoa	Agricola
BPATZ251105.MAGScoT_cleanbin_000001	100	5.84	Neural Network (Specific Model)	11	0.824	55480	288.9784517158819	2633354	0.44	2506	166	161463	None	Calidad media	B	ATZ	2025	1105		MAGScoT_cleanbin_000001	Asteazu	Guipuzcoa	Agricola
BPATZ251105.MAGScoT_cleanbin_000002	78.76	9.02	Neural Network (Specific Model)	11	0.81	4596	253.52404965089215	2415522	0.36	2578	682	27887	None	Calidad media	B	ATZ	2025	1105		MAGScoT_cleanbin_000002	Asteazu	Guipuzcoa	Agricola
BPBIL240818M.MAGScoT_cleanbin_000001	100	0.11	Neural Network (Specific Model)	11	0.818	89697	302.6	2387996	0.44	2155	40	264181	None	Alta calidad	B	BIL	2024	0818	M	MAGScoT_cleanbin_000001	Bilbao	Vizcaya	Urbano
BPBIL240818M.MAGScoT_cleanbin_000002	100	0.62	Neural Network (Specific Model)	11	0.876	279738	324.54874537227477	5394474	0.52	4862	58	823529	None	Alta calidad	B	BIL	2024	0818	M	MAGScoT_cleanbin_000002	Bilbao	Vizcaya	Urbano
BPBIL240818M.MAGScoT_cleanbin_000003	99.68	0.08	Neural Network (Specific Model)	11	0.876	900156	362.62615384615384	1612942	0.47	1300	13	900156	None	Alta calidad	B	BIL	2024	0818	M	MAGScoT_cleanbin_000003	Bilbao	Vizcaya	Urbano
BPBIL240818M.MAGScoT_cleanbin_000004	91.53	0.72	Neural Network (Specific Model)	11	0.88	14403	287.9854060913706	1545273	0.35	1576	140	97059	None	Alta calidad	B	BIL	2024	0818	M	MAGScoT_cleanbin_000004	Bilbao	Vizcaya	Urbano
BPBIL240818M.MAGScoT_cleanbin_000005	95.36	2.67	Neural Network (Specific Model)	11	0.864	10440	287.6121465968586	4762425	0.55	4775	757	95046	None	Alta calidad	B	BIL	2024	0818	M	MAGScoT_cleanbin_000005	Bilbao	Vizcaya	Urbano
BPBIL240818M.MAGScoT_cleanbin_000006	74.42	23.53	Gradient Boost (General Model)	11	0.853	7814	283.66008316008316	1917700	0.37	1924	377	39497	None	Rejects	B	BIL	2024	0818	M	MAGScoT_cleanbin_000006	Bilbao	Vizcaya	Urbano
BPBIL240820M.MAGScoT_cleanbin_000001	100	0.17	Neural Network (Specific Model)	11	0.82	93261	290.66818181818184	2571249	0.44	2420	60	175058	None	Alta calidad	B	BIL	2024	0820	M	MAGScoT_cleanbin_000001	Bilbao	Vizcaya	Urbano
BPBIL240820M.MAGScoT_cleanbin_000002	98.54	0.23	Gradient Boost (General Model)	11	0.879	123364	308.6564784053156	1582060	0.34	1505	20	357442	None	Alta calidad	B	BIL	2024	0820	M	MAGScoT_cleanbin_000002	Bilbao	Vizcaya	Urbano
BPBIL240820M.MAGScoT_cleanbin_000003	99.18	4.59	Gradient Boost (General Model)	11	0.804	181876	325.3265807243708	1974029	0.46	1629	61	912598	None	Alta calidad	B	BIL	2024	0820	M	MAGScoT_cleanbin_000003	Bilbao	Vizcaya	Urbano
BPBIL240820M.MAGScoT_cleanbin_000004	74.7	5.52	Neural Network (Specific Model)	11	0.753	2539	182.4228007181329	1612315	0.33	2228	709	12763	None	Calidad media	B	BIL	2024	0820	M	MAGScoT_cleanbin_000004	Bilbao	Vizcaya	Urbano
BPBIL240820M.MAGScoT_cleanbin_000005	70.39	6.04	Neural Network (Specific Model)	11	0.851	5451	247.5367054610564	1947202	0.35	2234	537	30058	None	Calidad media	B	BIL	2024	0820	M	MAGScoT_cleanbin_000005	Bilbao	Vizcaya	Urbano
BPBIL240820M.MAGScoT_cleanbin_000006	92.21	43.78	Neural Network (Specific Model)	11	0.861	7037	268.04289479990416	3891638	0.36	4173	773	39828	None	Rejects	B	BIL	2024	0820	M	MAGScoT_cleanbin_000006	Bilbao	Vizcaya	Urbano
BPBIL240821M.MAGScoT_cleanbin_000001	100	2.07	Neural Network (Specific Model)	11	0.814	67073	300.398756660746	2489144	0.44	2252	103	252090	None	Alta calidad	B	BIL	2024	0821	M	MAGScoT_cleanbin_000001	Bilbao	Vizcaya	Urbano
BPBIL240821M.MAGScoT_cleanbin_000002	92.18	3.93	Neural Network (Specific Model)	11	0.858	8746	278.6140422077922	2397234	0.35	2464	409	32464	None	Alta calidad	B	BIL	2024	0821	M	MAGScoT_cleanbin_000002	Bilbao	Vizcaya	Urbano
BPBIL250801.MAGScoT_cleanbin_000001	100	2.12	Neural Network (Specific Model)	11	0.801	63070	296.85434782608695	2553636	0.44	2300	155	283695	None	Alta calidad	B	BIL	2025	0801		MAGScoT_cleanbin_000001	Bilbao	Vizcaya	Urbano
BPBIL250801.MAGScoT_cleanbin_000002	84.26	12.49	Neural Network (Specific Model)	11	0.866	7333	285.79515151515153	2446837	0.36	2475	371	31156	None	Calidad aceptable	B	BIL	2025	0801		MAGScoT_cleanbin_000002	Bilbao	Vizcaya	Urbano
BPBIL250804.MAGScoT_cleanbin_000001	100	1.62	Neural Network (Specific Model)	11	0.812	69247	299.03150625809235	2555469	0.44	2317	121	252516	None	Alta calidad	B	BIL	2025	0804		MAGScoT_cleanbin_000001	Bilbao	Vizcaya	Urbano
BPBIL250804.MAGScoT_cleanbin_000002	96.4	0.9	Neural Network (Specific Model)	11	0.864	20523	303.67162746039367	2193682	0.36	2083	149	68577	None	Alta calidad	B	BIL	2025	0804		MAGScoT_cleanbin_000002	Bilbao	Vizcaya	Urbano
BPBIL250805.MAGScoT_cleanbin_000001	100	1.78	Neural Network (Specific Model)	11	0.796	64296	286.4759576202119	2647380	0.44	2454	183	207982	None	Alta calidad	B	BIL	2025	0805		MAGScoT_cleanbin_000001	Bilbao	Vizcaya	Urbano
BPBIL250805.MAGScoT_cleanbin_000002	76.56	14.1	Neural Network (Specific Model)	11	0.863	4603	266.80747588424435	2304182	0.35	2488	524	50133	None	Calidad aceptable	B	BIL	2025	0805		MAGScoT_cleanbin_000002	Bilbao	Vizcaya	Urbano
BPDON240901.MAGScoT_cleanbin_000001	99.99	2.59	Neural Network (Specific Model)	11	0.806	17864	293.5491698595147	2562032	0.36	2349	291	92361	None	Alta calidad	B	DON	2024	0901		MAGScoT_cleanbin_000001	Donostia	Guipuzcoa	Urbano
BPDON240901.MAGScoT_cleanbin_000002	95.33	1.87	Neural Network (Specific Model)	11	0.882	25205	293.71069587628864	1548732	0.35	1552	103	128432	None	Alta calidad	B	DON	2024	0901		MAGScoT_cleanbin_000002	Donostia	Guipuzcoa	Urbano
BPDON240901.MAGScoT_cleanbin_000003	72.67	4.08	Neural Network (Specific Model)	11	0.797	6290	260.24485125858126	2136649	0.36	2185	565	43560	None	Calidad media	B	DON	2024	0901		MAGScoT_cleanbin_000003	Donostia	Guipuzcoa	Urbano
BPDON240901.MAGScoT_cleanbin_000004	62.9	3.08	Gradient Boost (General Model)	11	0.81	2293	237.58921438082555	1319080	0.47	1502	628	13795	None	Calidad media	B	DON	2024	0901		MAGScoT_cleanbin_000004	Donostia	Guipuzcoa	Urbano
BPDON240902.MAGScoT_cleanbin_000001	100	0.12	Neural Network (Specific Model)	11	0.829	24039	292.2678494158373	2441143	0.44	2311	166	68890	None	Alta calidad	B	DON	2024	0902		MAGScoT_cleanbin_000001	Donostia	Guipuzcoa	Urbano
BPDON240902.MAGScoT_cleanbin_000002	75.75	18.15	Neural Network (Specific Model)	11	0.823	7792	278.27291494632533	2454770	0.36	2422	483	60381	None	Rejects	B	DON	2024	0902		MAGScoT_cleanbin_000002	Donostia	Guipuzcoa	Urbano
BPDON240902.MAGScoT_cleanbin_000003	82.42	22.97	Gradient Boost (General Model)	11	0.824	1596	206.66526093832368	2847070	0.38	3794	1778	8515	None	Rejects	B	DON	2024	0902		MAGScoT_cleanbin_000003	Donostia	Guipuzcoa	Urbano
BPDON240903.MAGScoT_cleanbin_000001	99.7	0.24	Neural Network (Specific Model)	11	0.887	254058	325.0273881095524	1643979	0.45	1497	17	528841	None	Alta calidad	B	DON	2024	0903		MAGScoT_cleanbin_000001	Donostia	Guipuzcoa	Urbano
BPDON240903.MAGScoT_cleanbin_000002	98.51	4.6	Neural Network (Specific Model)	11	0.838	7831	278.93867717915026	2276866	0.36	2283	437	60394	None	Alta calidad	B	DON	2024	0903		MAGScoT_cleanbin_000002	Donostia	Guipuzcoa	Urbano
BPDON240903.MAGScoT_cleanbin_000003	93.98	4.28	Neural Network (Specific Model)	11	0.797	7364	285.96912114014253	2261707	0.46	2105	658	59613	None	Alta calidad	B	DON	2024	0903		MAGScoT_cleanbin_000003	Donostia	Guipuzcoa	Urbano
BPDON240904.MAGScoT_cleanbin_000001	100	1.49	Neural Network (Specific Model)	11	0.86	58897	312.3989898989899	2369794	0.35	2178	75	210323	None	Alta calidad	B	DON	2024	0904		MAGScoT_cleanbin_000001	Donostia	Guipuzcoa	Urbano
BPDON240904.MAGScoT_cleanbin_000002	96.11	4.21	Neural Network (Specific Model)	11	0.786	68369	289.9544405997693	1914600	0.35	1734	88	250407	None	Alta calidad	B	DON	2024	0904		MAGScoT_cleanbin_000002	Donostia	Guipuzcoa	Urbano
BPDON240905.MAGScoT_cleanbin_000001	100	0.08	Neural Network (Specific Model)	11	0.821	114756	302.56132292145156	2403875	0.44	2177	32	363735	None	Alta calidad	B	DON	2024	0905		MAGScoT_cleanbin_000001	Donostia	Guipuzcoa	Urbano
BPDON240905.MAGScoT_cleanbin_000002	88.73	3.12	Neural Network (Specific Model)	11	0.879	8919	315.75718194254443	1573591	0.47	1462	251	47074	None	Calidad media	B	DON	2024	0905		MAGScoT_cleanbin_000002	Donostia	Guipuzcoa	Urbano
BPDON250901.MAGScoT_cleanbin_000001	100	0.1	Neural Network (Specific Model)	11	0.826	41350	299.7489655172414	2365493	0.44	2175	111	118864	None	Alta calidad	B	DON	2025	0901		MAGScoT_cleanbin_000001	Donostia	Guipuzcoa	Urbano
BPDON250901.MAGScoT_cleanbin_000002	92.26	1	Neural Network (Specific Model)	11	0.867	17146	299.7846083788707	2275062	0.35	2196	192	45998	None	Alta calidad	B	DON	2025	0901		MAGScoT_cleanbin_000002	Donostia	Guipuzcoa	Urbano
BPDON250902.MAGScoT_cleanbin_000001	100	0.13	Neural Network (Specific Model)	11	0.823	78283	290.80049261083747	2579419	0.44	2436	64	258464	None	Alta calidad	B	DON	2025	0902		MAGScoT_cleanbin_000001	Donostia	Guipuzcoa	Urbano
BPDON250902.MAGScoT_cleanbin_000002	98.45	0.88	Gradient Boost (General Model)	11	0.884	40909	310.4975778546713	1519146	0.34	1445	61	110207	None	Alta calidad	B	DON	2025	0902		MAGScoT_cleanbin_000002	Donostia	Guipuzcoa	Urbano
BPDON250902.MAGScoT_cleanbin_000003	75.24	12.78	Neural Network (Specific Model)	11	0.866	4736	257.7338998211091	1994132	0.36	2236	569	27890	None	Calidad aceptable	B	DON	2025	0902		MAGScoT_cleanbin_000003	Donostia	Guipuzcoa	Urbano
BPDON250903.MAGScoT_cleanbin_000001	93.44	34.33	Neural Network (Specific Model)	11	0.844	2051	227.47715223428423	3196464	0.37	3961	1650	12245	None	Rejects	B	DON	2025	0903		MAGScoT_cleanbin_000001	Donostia	Guipuzcoa	Urbano
BPDON250904.MAGScoT_cleanbin_000001	100	7.05	Neural Network (Specific Model)	11	0.797	24879	291.4927966101695	2585227	0.44	2360	313	113592	None	Calidad media	B	DON	2025	0904		MAGScoT_cleanbin_000001	Donostia	Guipuzcoa	Urbano
BPDON250904.MAGScoT_cleanbin_000002	86.33	27.95	Neural Network (Specific Model)	11	0.815	2101	220.25893474752132	3507963	0.36	4337	1759	23838	None	Rejects	B	DON	2025	0904		MAGScoT_cleanbin_000002	Donostia	Guipuzcoa	Urbano
BPDON250905.MAGScoT_cleanbin_000001	99.99	0.05	Neural Network (Specific Model)	11	0.883	69904	308.0965824665676	2110527	0.39	2019	57	192936	None	Alta calidad	B	DON	2025	0905		MAGScoT_cleanbin_000001	Donostia	Guipuzcoa	Urbano
BPDON250905.MAGScoT_cleanbin_000002	99.85	0.13	Neural Network (Specific Model)	11	0.884	253749	346.2532601235415	1710278	0.48	1457	11	728250	None	Alta calidad	B	DON	2025	0905		MAGScoT_cleanbin_000002	Donostia	Guipuzcoa	Urbano
BPDON250905.MAGScoT_cleanbin_000003	99.66	1.76	Neural Network (Specific Model)	11	0.829	9458	276.23028953229397	2240425	0.44	2245	327	32551	None	Alta calidad	B	DON	2025	0905		MAGScoT_cleanbin_000003	Donostia	Guipuzcoa	Urbano
BPDON250905.MAGScoT_cleanbin_000004	82.24	14.85	Neural Network (Specific Model)	11	0.894	4414	269.1655235482396	3944950	0.55	4374	985	24595	None	Calidad aceptable	B	DON	2025	0905		MAGScoT_cleanbin_000004	Donostia	Guipuzcoa	Urbano
BPDON250905.MAGScoT_cleanbin_000005	63.14	11.69	Gradient Boost (General Model)	11	0.861	2082	214.58219669777455	2078758	0.35	2786	1063	12745	None	Calidad aceptable	B	DON	2025	0905		MAGScoT_cleanbin_000005	Donostia	Guipuzcoa	Urbano
BPDON250905.MAGScoT_cleanbin_000006	56.28	3.4	Gradient Boost (General Model)	11	0.885	1818	215.39350912778903	1796347	0.48	2465	1006	10980	None	Calidad media	B	DON	2025	0905		MAGScoT_cleanbin_000006	Donostia	Guipuzcoa	Urbano
BPGAS240901.MAGScoT_cleanbin_000001	100	0.12	Neural Network (Specific Model)	11	0.819	76064	296.0759662372279	2436775	0.44	2251	71	192615	None	Alta calidad	B	GAS	2024	0901		MAGScoT_cleanbin_000001	Vitoria_Gasteiz	Araba	Urbano
BPGAS240901.MAGScoT_cleanbin_000002	99.31	5.04	Neural Network (Specific Model)	11	0.828	8841	281.1049153242462	2463724	0.36	2421	440	55481	None	Calidad media	B	GAS	2024	0901		MAGScoT_cleanbin_000002	Vitoria_Gasteiz	Araba	Urbano
BPGAS240901.MAGScoT_cleanbin_000003	79.89	7.72	Neural Network (Specific Model)	11	0.796	5994	252.35406698564591	2778565	0.35	2926	839	34754	None	Calidad media	B	GAS	2024	0901		MAGScoT_cleanbin_000003	Vitoria_Gasteiz	Araba	Urbano
BPGAS240903.MAGScoT_cleanbin_000001	100	4.43	Neural Network (Specific Model)	11	0.816	62081	285.6777269260107	2750367	0.43	2622	141	130153	None	Alta calidad	B	GAS	2024	0903		MAGScoT_cleanbin_000001	Vitoria_Gasteiz	Araba	Urbano
BPGAS240903.MAGScoT_cleanbin_000002	95.97	1.52	Neural Network (Specific Model)	11	0.862	22874	304.76074498567334	2217383	0.35	2094	141	70331	None	Alta calidad	B	GAS	2024	0903		MAGScoT_cleanbin_000002	Vitoria_Gasteiz	Araba	Urbano
BPGAS240904.MAGScoT_cleanbin_000001	100	0.12	Neural Network (Specific Model)	11	0.826	46764	297.0169114374722	2422078	0.44	2247	76	115970	None	Alta calidad	B	GAS	2024	0904		MAGScoT_cleanbin_000001	Vitoria_Gasteiz	Araba	Urbano
BPGAS240904.MAGScoT_cleanbin_000002	98.3	12	Gradient Boost (General Model)	11	0.756	2817	231.33427543679343	3565593	0.37	3892	1538	15694	None	Calidad aceptable	B	GAS	2024	0904		MAGScoT_cleanbin_000002	Vitoria_Gasteiz	Araba	Urbano
BPGAS240905.MAGScoT_cleanbin_000001	99.98	0.83	Neural Network (Specific Model)	11	0.86	54187	317.74491315136476	2232462	0.35	2015	71	232567	None	Alta calidad	B	GAS	2024	0905		MAGScoT_cleanbin_000001	Vitoria_Gasteiz	Araba	Urbano
BPGAS240906.MAGScoT_cleanbin_000001	99.98	0.08	Neural Network (Specific Model)	11	0.859	18486	304.00143403441683	2218391	0.35	2092	210	72770	None	Alta calidad	B	GAS	2024	0906		MAGScoT_cleanbin_000001	Vitoria_Gasteiz	Araba	Urbano
BPGAS250901.MAGScoT_cleanbin_000001	100	0.13	Neural Network (Specific Model)	11	0.821	101701	297.5719964664311	2458265	0.44	2264	50	296549	None	Alta calidad	B	GAS	2025	0901		MAGScoT_cleanbin_000001	Vitoria_Gasteiz	Araba	Urbano
BPGAS250902.MAGScoT_cleanbin_000001	100	0.88	Neural Network (Specific Model)	11	0.819	101215	300.5201448619285	2428597	0.44	2209	44	195359	None	Alta calidad	B	GAS	2025	0902		MAGScoT_cleanbin_000001	Vitoria_Gasteiz	Araba	Urbano
BPGAS250902.MAGScoT_cleanbin_000002	100	0.08	Neural Network (Specific Model)	11	0.817	58457	299.8481899571818	2823779	0.36	2569	102	148042	None	Alta calidad	B	GAS	2025	0902		MAGScoT_cleanbin_000002	Vitoria_Gasteiz	Araba	Urbano
BPGAS250903.MAGScoT_cleanbin_000001	100	0.13	Neural Network (Specific Model)	11	0.821	83396	297.7238805970149	2474176	0.44	2278	55	163297	None	Alta calidad	B	GAS	2025	0903		MAGScoT_cleanbin_000001	Vitoria_Gasteiz	Araba	Urbano
BPGAS250904.MAGScoT_cleanbin_000001	100	0.18	Neural Network (Specific Model)	11	0.824	69022	293.4677558039553	2482224	0.44	2326	68	209515	None	Alta calidad	B	GAS	2025	0904		MAGScoT_cleanbin_000001	Vitoria_Gasteiz	Araba	Urbano
BPGAS250904.MAGScoT_cleanbin_000002	92.63	2.38	Neural Network (Specific Model)	11	0.86	10622	317.62426229508196	1688117	0.48	1525	282	36382	None	Alta calidad	B	GAS	2025	0904		MAGScoT_cleanbin_000002	Vitoria_Gasteiz	Araba	Urbano
BPGAS250904.MAGScoT_cleanbin_000003	78.27	1.42	Neural Network (Specific Model)	11	0.873	7944	279.44115796098174	1522776	0.34	1589	253	44200	None	Calidad media	B	GAS	2025	0904		MAGScoT_cleanbin_000003	Vitoria_Gasteiz	Araba	Urbano
BPGAS250904.MAGScoT_cleanbin_000004	78.97	2.62	Neural Network (Specific Model)	11	0.81	4171	256.25869461648404	1989888	0.43	2099	638	21869	None	Calidad media	B	GAS	2025	0904		MAGScoT_cleanbin_000004	Vitoria_Gasteiz	Araba	Urbano
BPGAS250904.MAGScoT_cleanbin_000005	71.89	16.45	Neural Network (Specific Model)	11	0.866	5421	272.0232793522267	1859036	0.37	1976	490	30571	None	Rejects	B	GAS	2025	0904		MAGScoT_cleanbin_000005	Vitoria_Gasteiz	Araba	Urbano
BPGAS250905.MAGScoT_cleanbin_000001	100	0.15	Neural Network (Specific Model)	11	0.82	100849	297.24599393676914	2508051	0.44	2309	42	397850	None	Alta calidad	B	GAS	2025	0905		MAGScoT_cleanbin_000001	Vitoria_Gasteiz	Araba	Urbano
BPGAS250905.MAGScoT_cleanbin_000002	95.23	5.55	Gradient Boost (General Model)	11	0.785	8129	284.5038090401219	2136420	0.45	1969	581	38901	None	Calidad media	B	GAS	2025	0905		MAGScoT_cleanbin_000002	Vitoria_Gasteiz	Araba	Urbano
BPGOR241401M.MAGScoT_cleanbin_000001	99.99	1.44	Neural Network (Specific Model)	11	0.864	29888	308.0728876508821	2301828	0.36	2154	114	103856	None	Alta calidad	B	GOR	2024	1401	M	MAGScoT_cleanbin_000001	Gorbea	Vizcaya	Natural
BPGOR241401M.MAGScoT_cleanbin_000002	99.91	0.1	Neural Network (Specific Model)	11	0.793	85939	300.8506464556398	2550608	0.44	2243	142	194588	None	Alta calidad	B	GOR	2024	1401	M	MAGScoT_cleanbin_000002	Gorbea	Vizcaya	Natural
BPGOR241407M.MAGScoT_cleanbin_000002	100	0.22	Neural Network (Specific Model)	11	0.776	24163	281.9439637412443	2640167	0.44	2427	363	110355	None	Alta calidad	B	GOR	2024	1407	M	MAGScoT_cleanbin_000002	Gorbea	Vizcaya	Natural
BPGOR241408M.MAGScoT_cleanbin_000001	99.98	0.24	Neural Network (Specific Model)	11	0.821	24437	286.5990606319385	2449450	0.44	2342	189	83846	None	Alta calidad	B	GOR	2024	1408	M	MAGScoT_cleanbin_000001	Gorbea	Vizcaya	Natural
BPGOR241408M.MAGScoT_cleanbin_000002	99.99	59.26	Neural Network (Specific Model)	11	0.825	7902	260.45546518547906	4766972	0.35	5041	945	196355	None	Rejects	B	GOR	2024	1408	M	MAGScoT_cleanbin_000002	Gorbea	Vizcaya	Natural
BPGOR241409M.MAGScoT_cleanbin_000001	100	0.08	Neural Network (Specific Model)	11	0.824	99627	299.8905043162199	2400980	0.44	2201	44	228554	None	Alta calidad	B	GOR	2024	1409	M	MAGScoT_cleanbin_000001	Gorbea	Vizcaya	Natural
BPGOR241409M.MAGScoT_cleanbin_000002	97.05	13.01	Neural Network (Specific Model)	11	0.83	8008	266.48210023866346	2819793	0.36	2933	567	46607	None	Calidad aceptable	B	GOR	2024	1409	M	MAGScoT_cleanbin_000002	Gorbea	Vizcaya	Natural
BPGOR241410M.MAGScoT_cleanbin_000001	100	0.13	Neural Network (Specific Model)	11	0.819	99861	299.15463003987594	2468898	0.44	2257	54	300478	None	Alta calidad	B	GOR	2024	1410	M	MAGScoT_cleanbin_000001	Gorbea	Vizcaya	Natural
BPGOR241410M.MAGScoT_cleanbin_000002	98.54	0.24	Gradient Boost (General Model)	11	0.882	155286	311.3583502366464	1561834	0.34	1479	14	396016	None	Alta calidad	B	GOR	2024	1410	M	MAGScoT_cleanbin_000002	Gorbea	Vizcaya	Natural
BPGOR241410M.MAGScoT_cleanbin_000003	100	5.17	Neural Network (Specific Model)	11	0.848	13784	281.42577842143373	2744748	0.36	2762	335	47494	None	Calidad media	B	GOR	2024	1410	M	MAGScoT_cleanbin_000003	Gorbea	Vizcaya	Natural
BPGOR251401.MAGScoT_cleanbin_000001	45.71	0.38	Gradient Boost (General Model)	11	0.654	1493	187.7529411764706	1460067	0.37	1700	921	12645	None	Baja calidad	B	GOR	2025	1401		MAGScoT_cleanbin_000001	Gorbea	Vizcaya	Natural
BPGOR251403.MAGScoT_cleanbin_000001	100	1.02	Neural Network (Specific Model)	11	0.821	82762	297.77977232924695	2483348	0.44	2284	86	151144	None	Alta calidad	B	GOR	2025	1403		MAGScoT_cleanbin_000001	Gorbea	Vizcaya	Natural
BPGOR251403.MAGScoT_cleanbin_000002	94.65	23.81	Neural Network (Specific Model)	11	0.834	9968	280.3739208097648	3381776	0.36	3359	544	75394	None	Rejects	B	GOR	2025	1403		MAGScoT_cleanbin_000002	Gorbea	Vizcaya	Natural
BPGOR251404.MAGScoT_cleanbin_000001	99.99	0.63	Neural Network (Specific Model)	11	0.821	20574	301.9500225123818	2446403	0.36	2221	199	72802	None	Alta calidad	B	GOR	2025	1404		MAGScoT_cleanbin_000001	Gorbea	Vizcaya	Natural
BPGOR251405.MAGScoT_cleanbin_000001	96.66	7.09	Neural Network (Specific Model)	11	0.822	6342	267.6560885608856	2644641	0.36	2710	589	27352	None	Calidad media	B	GOR	2025	1405		MAGScoT_cleanbin_000001	Gorbea	Vizcaya	Natural
BPKAR240401.MAGScoT_cleanbin_000001	100	0.13	Neural Network (Specific Model)	11	0.82	85828	290.8763853367434	2494014	0.44	2346	60	168325	None	Alta calidad	B	KAR	2024	0401		MAGScoT_cleanbin_000001	Karkamo	Araba	Agricola
BPKAR240401.MAGScoT_cleanbin_000002	99.69	1.74	Neural Network (Specific Model)	11	0.821	11378	279.7314118629908	2444437	0.35	2394	383	65998	None	Alta calidad	B	KAR	2024	0401		MAGScoT_cleanbin_000002	Karkamo	Araba	Agricola
BPKAR240401.MAGScoT_cleanbin_000003	78.13	2.51	Neural Network (Specific Model)	11	0.742	7005	257.7337303275202	2446670	0.36	2351	701	60334	None	Calidad media	B	KAR	2024	0401		MAGScoT_cleanbin_000003	Karkamo	Araba	Agricola
BPKAR240404.MAGScoT_cleanbin_000001	100	0.13	Neural Network (Specific Model)	11	0.821	82956	294.88490153172864	2459911	0.44	2285	50	168325	None	Alta calidad	B	KAR	2024	0404		MAGScoT_cleanbin_000001	Karkamo	Araba	Agricola
BPKAR240404.MAGScoT_cleanbin_000002	88.68	2.84	Neural Network (Specific Model)	11	0.867	12361	286.8466726618705	2203889	0.36	2224	311	65998	None	Calidad media	B	KAR	2024	0404		MAGScoT_cleanbin_000002	Karkamo	Araba	Agricola
BPKAR240404.MAGScoT_cleanbin_000003	94.77	12.48	Gradient Boost (General Model)	11	0.782	3687	244.82435897435897	2191995	0.34	2340	823	29695	None	Calidad aceptable	B	KAR	2024	0404		MAGScoT_cleanbin_000003	Karkamo	Araba	Agricola
BPKAR240404.MAGScoT_cleanbin_000004	77.88	5.01	Neural Network (Specific Model)	11	0.814	10132	277.53831041257365	2080899	0.36	2036	350	60334	None	Calidad media	B	KAR	2024	0404		MAGScoT_cleanbin_000004	Karkamo	Araba	Agricola
BPKAR240405.MAGScoT_cleanbin_000001	100	0.12	Neural Network (Specific Model)	11	0.824	88313	296.26468048359243	2495976	0.44	2316	62	201520	None	Alta calidad	B	KAR	2024	0405		MAGScoT_cleanbin_000001	Karkamo	Araba	Agricola
BPKAR240405.MAGScoT_cleanbin_000002	84.06	0.31	Neural Network (Specific Model)	11	0.88	11687	286.95737483085253	1441949	0.34	1478	158	56703	None	Calidad media	B	KAR	2024	0405		MAGScoT_cleanbin_000002	Karkamo	Araba	Agricola
BPKAR240405.MAGScoT_cleanbin_000003	96.23	7.33	Neural Network (Specific Model)	11	0.831	7064	270.4217713616855	2499098	0.36	2563	532	36944	None	Calidad media	B	KAR	2024	0405		MAGScoT_cleanbin_000003	Karkamo	Araba	Agricola
BPKAR240405.MAGScoT_cleanbin_000004	49.55	0.2	Gradient Boost (General Model)	11	0.853	2035	236.1460587326121	1072707	0.47	1294	555	6987	None	Baja calidad	B	KAR	2024	0405		MAGScoT_cleanbin_000004	Karkamo	Araba	Agricola
BPKAR240406.MAGScoT_cleanbin_000001	100	0.07	Neural Network (Specific Model)	11	0.818	86489	299.7705962676377	2411706	0.44	2197	47	196753	None	Alta calidad	B	KAR	2024	0406		MAGScoT_cleanbin_000001	Karkamo	Araba	Agricola
BPKAR240406.MAGScoT_cleanbin_000002	93.15	28.84	Gradient Boost (General Model)	11	0.807	4689	251.38503440366972	3253229	0.35	3488	962	60162	None	Rejects	B	KAR	2024	0406		MAGScoT_cleanbin_000002	Karkamo	Araba	Agricola
BPKAR240406.MAGScoT_cleanbin_000003	73.93	6.26	Neural Network (Specific Model)	11	0.819	2791	251.43514879281304	1636641	0.46	1781	682	15972	None	Calidad media	B	KAR	2024	0406		MAGScoT_cleanbin_000003	Karkamo	Araba	Agricola
BPKAR240406.MAGScoT_cleanbin_000004	70.35	3.89	Neural Network (Specific Model)	11	0.861	5632	259.649455234486	1906178	0.35	2111	480	46130	None	Calidad media	B	KAR	2024	0406		MAGScoT_cleanbin_000004	Karkamo	Araba	Agricola
BPKAR240406.MAGScoT_cleanbin_000005	74.16	9.13	Neural Network (Specific Model)	11	0.834	5851	249.05526315789473	2379352	0.35	2660	575	42945	None	Calidad media	B	KAR	2024	0406		MAGScoT_cleanbin_000005	Karkamo	Araba	Agricola
BPKAR240407.MAGScoT_cleanbin_000001	100	0.21	Neural Network (Specific Model)	11	0.822	87949	291.0198511166253	2563775	0.44	2418	84	202676	None	Alta calidad	B	KAR	2024	0407		MAGScoT_cleanbin_000001	Karkamo	Araba	Agricola
BPKAR240407.MAGScoT_cleanbin_000002	95.62	5.39	Neural Network (Specific Model)	11	0.844	7627	267.9122383252818	2361146	0.35	2484	469	36944	None	Calidad media	B	KAR	2024	0407		MAGScoT_cleanbin_000002	Karkamo	Araba	Agricola
BPKAR240407.MAGScoT_cleanbin_000003	86.48	29.85	Gradient Boost (General Model)	11	0.781	4082	234.8700134468848	4017327	0.36	4462	1325	41067	None	Rejects	B	KAR	2024	0407		MAGScoT_cleanbin_000003	Karkamo	Araba	Agricola
BPKAR250401.MAGScoT_cleanbin_000001	100	0.12	Neural Network (Specific Model)	11	0.821	98407	300.5592609283461	2432773	0.44	2219	51	256893	None	Alta calidad	B	KAR	2025	0401		MAGScoT_cleanbin_000001	Karkamo	Araba	Agricola
BPKAR250401.MAGScoT_cleanbin_000002	99.52	2.13	Neural Network (Specific Model)	11	0.881	50705	356.6497263487099	1550840	0.48	1279	46	103746	None	Alta calidad	B	KAR	2025	0401		MAGScoT_cleanbin_000002	Karkamo	Araba	Agricola
BPKAR250401.MAGScoT_cleanbin_000004	71.12	1.58	Gradient Boost (General Model)	11	0.916	2479	232.3503026967529	2760343	0.7	3634	1224	30229	None	Calidad media	B	KAR	2025	0401		MAGScoT_cleanbin_000004	Karkamo	Araba	Agricola
BPKAR250402.MAGScoT_cleanbin_000001	100	0.21	Neural Network (Specific Model)	11	0.824	83705	298.3243474540009	2533545	0.44	2337	49	299247	None	Alta calidad	B	KAR	2025	0402		MAGScoT_cleanbin_000001	Karkamo	Araba	Agricola
BPKAR250402.MAGScoT_cleanbin_000002	98.25	0.32	Gradient Boost (General Model)	11	0.816	87253	300.70798569725866	1851125	0.34	1678	83	151558	None	Alta calidad	B	KAR	2025	0402		MAGScoT_cleanbin_000002	Karkamo	Araba	Agricola
BPKAR250402.MAGScoT_cleanbin_000003	78.78	4.48	Neural Network (Specific Model)	11	0.876	5799	263.09525880817745	2069229	0.36	2299	514	55276	None	Calidad media	B	KAR	2025	0402		MAGScoT_cleanbin_000003	Karkamo	Araba	Agricola
BPKAR250402.MAGScoT_cleanbin_000004	68.37	2.01	Neural Network (Specific Model)	11	0.798	5116	240.74100980748275	2485359	0.4	2753	848	34821	None	Calidad media	B	KAR	2025	0402		MAGScoT_cleanbin_000004	Karkamo	Araba	Agricola
BPKAR250403.MAGScoT_cleanbin_000001	100	2.33	Neural Network (Specific Model)	11	0.831	29108	299.67376893939394	2281502	0.45	2112	185	55311	None	Alta calidad	B	KAR	2025	0403		MAGScoT_cleanbin_000001	Karkamo	Araba	Agricola
BPKAR250403.MAGScoT_cleanbin_000002	99.88	0.06	Neural Network (Specific Model)	11	0.809	317084	346.2825305535586	1783460	0.47	1391	52	464875	None	Alta calidad	B	KAR	2025	0403		MAGScoT_cleanbin_000002	Karkamo	Araba	Agricola
BPKAR250403.MAGScoT_cleanbin_000003	86.37	37.82	Neural Network (Specific Model)	11	0.844	4817	252.94229804315103	3576778	0.37	3986	1017	46947	None	Rejects	B	KAR	2025	0403		MAGScoT_cleanbin_000003	Karkamo	Araba	Agricola
BPKAR250403.MAGScoT_cleanbin_000004	84.09	48.51	Gradient Boost (General Model)	11	0.818	4156	232.70420362514463	4417677	0.34	5186	1435	34883	None	Rejects	B	KAR	2025	0403		MAGScoT_cleanbin_000004	Karkamo	Araba	Agricola
BPKAR250405.MAGScoT_cleanbin_000001	77.59	6.71	Gradient Boost (General Model)	11	0.836	1675	226.54324942791763	1773804	0.38	2185	1038	15074	None	Calidad media	B	KAR	2025	0405		MAGScoT_cleanbin_000001	Karkamo	Araba	Agricola
BPKAR250406.MAGScoT_cleanbin_000001	100	0.21	Neural Network (Specific Model)	11	0.824	82459	296.72914911541704	2560492	0.44	2374	65	250491	None	Alta calidad	B	KAR	2025	0406		MAGScoT_cleanbin_000001	Karkamo	Araba	Agricola
BPKAR250406.MAGScoT_cleanbin_000002	86.15	10.5	Neural Network (Specific Model)	11	0.863	3341	241.63734902446575	2705854	0.36	3229	988	19860	None	Calidad aceptable	B	KAR	2025	0406		MAGScoT_cleanbin_000002	Karkamo	Araba	Agricola
BPVAL240221.MAGScoT_cleanbin_000001	88.52	10.65	Neural Network (Specific Model)	11	0.768	2725	227.36737400530504	2672393	0.36	3016	1133	19138	None	Calidad aceptable	B	VAL	2024	0221		MAGScoT_cleanbin_000001	Valderejo	Araba	Natural
BPVAL240221.MAGScoT_cleanbin_000002	87.59	4.39	Neural Network (Specific Model)	11	0.82	4346	264.61680143755615	2150661	0.45	2226	654	24611	None	Calidad media	B	VAL	2024	0221		MAGScoT_cleanbin_000002	Valderejo	Araba	Natural
BPVAL240222.MAGScoT_cleanbin_000001	99.99	1.6	Neural Network (Specific Model)	11	0.824	29709	287.1370192307692	2605078	0.44	2496	189	117411	None	Alta calidad	B	VAL	2024	0222		MAGScoT_cleanbin_000001	Valderejo	Araba	Natural
BPVAL240222.MAGScoT_cleanbin_000002	87.4	4.63	Neural Network (Specific Model)	11	0.836	6653	263.2624090006618	2850668	0.35	3022	633	40552	None	Calidad media	B	VAL	2024	0222		MAGScoT_cleanbin_000002	Valderejo	Araba	Natural
BPVAL240222.MAGScoT_cleanbin_000003	70.31	0.87	Gradient Boost (General Model)	11	0.832	2547	248.7475149105368	1350790	0.47	1509	591	12553	None	Calidad media	B	VAL	2024	0222		MAGScoT_cleanbin_000003	Valderejo	Araba	Natural
BPVAL240222.MAGScoT_cleanbin_000004	74.84	5.98	Neural Network (Specific Model)	11	0.825	7137	262.81904310753197	2014410	0.36	2111	439	34921	None	Calidad media	B	VAL	2024	0222		MAGScoT_cleanbin_000004	Valderejo	Araba	Natural
BPVAL240223.MAGScoT_cleanbin_000001	100	0.19	Neural Network (Specific Model)	11	0.82	76792	294.06858594411517	2538611	0.44	2362	65	213630	None	Alta calidad	B	VAL	2024	0223		MAGScoT_cleanbin_000001	Valderejo	Araba	Natural
BPVAL240223.MAGScoT_cleanbin_000002	98.73	0.31	Gradient Boost (General Model)	11	0.874	50872	305.8084142394822	1617040	0.34	1545	50	93962	None	Alta calidad	B	VAL	2024	0223		MAGScoT_cleanbin_000002	Valderejo	Araba	Natural
BPVAL240223.MAGScoT_cleanbin_000003	73.86	4.36	Neural Network (Specific Model)	11	0.832	2630	248.7224852071006	1512700	0.47	1690	651	11337	None	Calidad media	B	VAL	2024	0223		MAGScoT_cleanbin_000003	Valderejo	Araba	Natural
BPVAL240224.MAGScoT_cleanbin_000001	87.13	3.13	Neural Network (Specific Model)	11	0.775	3354	249.68021567814185	2326102	0.36	2411	819	17466	None	Calidad media	B	VAL	2024	0224		MAGScoT_cleanbin_000001	Valderejo	Araba	Natural
BPVAL240225.MAGScoT_cleanbin_000001	100	0.11	Neural Network (Specific Model)	11	0.819	86199	292.7284157585918	2554414	0.44	2386	90	206943	None	Alta calidad	B	VAL	2024	0225		MAGScoT_cleanbin_000001	Valderejo	Araba	Natural
BPVAL240225.MAGScoT_cleanbin_000002	99.55	1.91	Neural Network (Specific Model)	11	0.826	22060	318.2099322799097	2042982	0.47	1772	268	81760	None	Alta calidad	B	VAL	2024	0225		MAGScoT_cleanbin_000002	Valderejo	Araba	Natural
BPVAL240225.MAGScoT_cleanbin_000003	100	2.89	Gradient Boost (General Model)	11	0.638	3006	226.18269468479605	4289268	0.34	4045	1452	36645	Low confidence prediction - substantial (26%) disagreement between completeness prediction models	Alta calidad	B	VAL	2024	0225		MAGScoT_cleanbin_000003	Valderejo	Araba	Natural
BPVAL240225.MAGScoT_cleanbin_000004	77.13	14.68	Neural Network (Specific Model)	11	0.84	8843	264.1633175009134	2579218	0.35	2737	491	60178	None	Calidad aceptable	B	VAL	2024	0225		MAGScoT_cleanbin_000004	Valderejo	Araba	Natural
BPVAL240225.MAGScoT_cleanbin_000005	69.72	5.95	Neural Network (Specific Model)	11	0.865	10504	282.9330227140361	1682018	0.36	1717	269	53393	None	Calidad media	B	VAL	2024	0225		MAGScoT_cleanbin_000005	Valderejo	Araba	Natural
BPVAL240225.MAGScoT_cleanbin_000006	55.29	0.65	Neural Network (Specific Model)	11	0.811	5242	254.67403896787783	1786507	0.35	1899	428	36841	None	Calidad media	B	VAL	2024	0225		MAGScoT_cleanbin_000006	Valderejo	Araba	Natural
BPVAL250101.MAGScoT_cleanbin_000001	92.95	0.97	Neural Network (Specific Model)	11	0.834	6826	278.35512195121953	2049941	0.45	2050	412	30149	None	Alta calidad	B	VAL	2025	0101		MAGScoT_cleanbin_000001	Valderejo	Araba	Natural
BPVAL250101.MAGScoT_cleanbin_000002	69.94	10.13	Neural Network (Specific Model)	11	0.88	2946	259.20665742024966	1908154	0.37	2163	739	19544	None	Calidad aceptable	B	VAL	2025	0101		MAGScoT_cleanbin_000002	Valderejo	Araba	Natural
BPVAL250101.MAGScoT_cleanbin_000003	60.72	7.3	Gradient Boost (General Model)	11	0.896	3514	259.4487767584098	1134896	0.36	1308	378	28853	None	Calidad media	B	VAL	2025	0101		MAGScoT_cleanbin_000003	Valderejo	Araba	Natural
BPVAL250102.MAGScoT_cleanbin_000001	100	1.55	Neural Network (Specific Model)	11	0.823	135671	300.82241301400813	2422136	0.44	2213	50	247761	None	Alta calidad	B	VAL	2025	0102		MAGScoT_cleanbin_000001	Valderejo	Araba	Natural
BPVAL250102.MAGScoT_cleanbin_000002	100	0.01	Neural Network (Specific Model)	11	0.851	81831	305.94779632006845	2516873	0.36	2337	73	244573	None	Alta calidad	B	VAL	2025	0102		MAGScoT_cleanbin_000002	Valderejo	Araba	Natural
BPVAL250102.MAGScoT_cleanbin_000003	99.87	0.03	Neural Network (Specific Model)	11	0.878	48504	298.77014366021234	1632618	0.35	1601	75	131128	None	Alta calidad	B	VAL	2025	0102		MAGScoT_cleanbin_000003	Valderejo	Araba	Natural
BPVAL250102.MAGScoT_cleanbin_000004	88.54	1.27	Neural Network (Specific Model)	11	0.883	12112	329.4083272461651	1530241	0.48	1369	185	56482	None	Calidad media	B	VAL	2025	0102		MAGScoT_cleanbin_000004	Valderejo	Araba	Natural
BPVAL250102.MAGScoT_cleanbin_000005	71.38	2.88	Neural Network (Specific Model)	11	0.915	2604	236.7271505376344	2881869	0.7	3720	1228	38007	None	Calidad media	B	VAL	2025	0102		MAGScoT_cleanbin_000005	Valderejo	Araba	Natural
BPVAL250103.MAGScoT_cleanbin_000001	100	0.09	Neural Network (Specific Model)	11	0.822	50448	299.18641750227897	2393485	0.44	2194	73	163327	None	Alta calidad	B	VAL	2025	0103		MAGScoT_cleanbin_000001	Valderejo	Araba	Natural
BPVAL250103.MAGScoT_cleanbin_000002	92.11	11.74	Neural Network (Specific Model)	11	0.868	6582	273.6398452611219	2440782	0.36	2585	490	30054	None	Calidad aceptable	B	VAL	2025	0103		MAGScoT_cleanbin_000002	Valderejo	Araba	Natural
BPVAL250104.MAGScoT_cleanbin_000001	100	0.18	Neural Network (Specific Model)	11	0.82	102205	299.6878923766816	2443012	0.44	2230	46	312480	None	Alta calidad	B	VAL	2025	0104		MAGScoT_cleanbin_000001	Valderejo	Araba	Natural
BPVAL250104.MAGScoT_cleanbin_000002	96.34	1.5	Neural Network (Specific Model)	11	0.822	11981	316.1017402945114	1721544	0.47	1494	229	58671	None	Alta calidad	B	VAL	2025	0104		MAGScoT_cleanbin_000002	Valderejo	Araba	Natural
BPVAL250104.MAGScoT_cleanbin_000003	99.21	8.69	Neural Network (Specific Model)	11	0.846	8156	275.448210205636	2562856	0.36	2626	523	60094	None	Calidad media	B	VAL	2025	0104		MAGScoT_cleanbin_000003	Valderejo	Araba	Natural
BPVAL250104.MAGScoT_cleanbin_000004	84.67	41.71	Neural Network (Specific Model)	11	0.83	3277	235.91249269148315	4367958	0.35	5131	1607	195587	None	Rejects	B	VAL	2025	0104		MAGScoT_cleanbin_000004	Valderejo	Araba	Natural
BPVAL250105.MAGScoT_cleanbin_000001	100	0.13	Neural Network (Specific Model)	11	0.82	169442	303.93919550982224	2374562	0.44	2138	40	375258	None	Alta calidad	B	VAL	2025	0105		MAGScoT_cleanbin_000001	Valderejo	Araba	Natural
BPVAL250105.MAGScoT_cleanbin_000002	99.99	0.03	Neural Network (Specific Model)	11	0.644	15942	257.8479381443299	3723178	0.35	3104	771	96000	None	Alta calidad	B	VAL	2025	0105		MAGScoT_cleanbin_000002	Valderejo	Araba	Natural
BPVAL250105.MAGScoT_cleanbin_000003	99	0.06	Neural Network (Specific Model)	11	0.881	174526	362.4984520123839	1592597	0.47	1292	9	364853	None	Alta calidad	B	VAL	2025	0105		MAGScoT_cleanbin_000003	Valderejo	Araba	Natural
BPVAL250105.MAGScoT_cleanbin_000004	76.71	5.41	Neural Network (Specific Model)	11	0.881	2521	219.1718963165075	1637847	0.35	2199	723	14683	None	Calidad media	B	VAL	2025	0105		MAGScoT_cleanbin_000004	Valderejo	Araba	Natural
BPZEB240707M.MAGScoT_cleanbin_000001	100	0.09	Neural Network (Specific Model)	11	0.818	152061	302.7522482014389	2466236	0.44	2224	40	260344	None	Alta calidad	B	ZEB	2024	0707	M	MAGScoT_cleanbin_000001	Zeberio	Vizcaya	Agricola
BPZEB240707M.MAGScoT_cleanbin_000002	99.99	0.17	Neural Network (Specific Model)	11	0.837	227408	317.39487675205413	2350939	0.35	2069	31	494809	None	Alta calidad	B	ZEB	2024	0707	M	MAGScoT_cleanbin_000002	Zeberio	Vizcaya	Agricola
BPZEB240707M.MAGScoT_cleanbin_000003	98.56	0.13	Neural Network (Specific Model)	11	0.882	66332	354.1239414934565	1562102	0.48	1299	40	235004	None	Alta calidad	B	ZEB	2024	0707	M	MAGScoT_cleanbin_000003	Zeberio	Vizcaya	Agricola
BPZEB240707M.MAGScoT_cleanbin_000004	99.89	3.02	Neural Network (Specific Model)	11	0.862	29916	286.9866004962779	2007155	0.34	2015	191	313103	None	Alta calidad	B	ZEB	2024	0707	M	MAGScoT_cleanbin_000004	Zeberio	Vizcaya	Agricola
BPZEB240707M.MAGScoT_cleanbin_000005	94.63	8.9	Gradient Boost (General Model)	11	0.755	5213	234.9908536585366	2137909	0.34	2296	664	58647	None	Calidad media	B	ZEB	2024	0707	M	MAGScoT_cleanbin_000005	Zeberio	Vizcaya	Agricola
BPZEB240709M.MAGScoT_cleanbin_000001	100	2.02	Neural Network (Specific Model)	11	0.806	59049	296.9197475202885	2447210	0.44	2218	123	151545	None	Alta calidad	B	ZEB	2024	0709	M	MAGScoT_cleanbin_000001	Zeberio	Vizcaya	Agricola
BPZEB240709M.MAGScoT_cleanbin_000002	70.86	3.37	Neural Network (Specific Model)	11	0.761	2433	218.9861224489796	2110897	0.36	2450	956	38695	None	Calidad media	B	ZEB	2024	0709	M	MAGScoT_cleanbin_000002	Zeberio	Vizcaya	Agricola
BPZEB240711M.MAGScoT_cleanbin_000001	59.61	8.74	Gradient Boost (General Model)	11	0.806	1523	201.55128205128204	1985730	0.39	2652	1275	7289	None	Calidad media	B	ZEB	2024	0711	M	MAGScoT_cleanbin_000001	Zeberio	Vizcaya	Agricola
BPZEB240712M.MAGScoT_cleanbin_000001	100	0.16	Neural Network (Specific Model)	11	0.822	76006	299.2828237410072	2426865	0.44	2224	64	194421	None	Alta calidad	B	ZEB	2024	0712	M	MAGScoT_cleanbin_000001	Zeberio	Vizcaya	Agricola
BPZEB240712M.MAGScoT_cleanbin_000002	93.89	5.3	Neural Network (Specific Model)	11	0.793	8833	266.65398683247986	2755204	0.35	2734	513	42278	None	Calidad media	B	ZEB	2024	0712	M	MAGScoT_cleanbin_000002	Zeberio	Vizcaya	Agricola
BPZEB240717M.MAGScoT_cleanbin_000001	100	0.06	Neural Network (Specific Model)	11	0.819	109075	298.39079946404644	2443469	0.44	2239	49	248952	None	Alta calidad	B	ZEB	2024	0717	M	MAGScoT_cleanbin_000001	Zeberio	Vizcaya	Agricola
BPZEB240717M.MAGScoT_cleanbin_000002	99.09	9.28	Gradient Boost (General Model)	11	0.826	64794	288.2518054886856	2168749	0.34	2077	163	179122	None	Calidad media	B	ZEB	2024	0717	M	MAGScoT_cleanbin_000002	Zeberio	Vizcaya	Agricola
BPZEB240717M.MAGScoT_cleanbin_000003	71.44	2.68	Neural Network (Specific Model)	11	0.821	2441	241.00585137507315	1501562	0.47	1709	677	42307	None	Calidad media	B	ZEB	2024	0717	M	MAGScoT_cleanbin_000003	Zeberio	Vizcaya	Agricola
BPZEB240717M.MAGScoT_cleanbin_000004	54.94	2.76	Neural Network (Specific Model)	11	0.881	5746	276.86614173228344	1316037	0.36	1397	330	27931	None	Calidad media	B	ZEB	2024	0717	M	MAGScoT_cleanbin_000004	Zeberio	Vizcaya	Agricola
BPZEB250701.MAGScoT_cleanbin_000001	100	0.15	Neural Network (Specific Model)	11	0.823	96442	304.3044679871027	2405718	0.44	2171	42	222053	None	Alta calidad	B	ZEB	2025	0701		MAGScoT_cleanbin_000001	Zeberio	Vizcaya	Agricola
BPZEB250701.MAGScoT_cleanbin_000002	97.44	0.21	Gradient Boost (General Model)	11	0.874	115615	310.0455420141116	1655747	0.34	1559	31	224264	None	Alta calidad	B	ZEB	2025	0701		MAGScoT_cleanbin_000002	Zeberio	Vizcaya	Agricola
BPZEB250702.MAGScoT_cleanbin_000001	99.99	0.23	Neural Network (Specific Model)	11	0.84	182423	313.19646613378205	2655541	0.35	2377	50	354211	None	Alta calidad	B	ZEB	2025	0702		MAGScoT_cleanbin_000001	Zeberio	Vizcaya	Agricola
BPZEB250702.MAGScoT_cleanbin_000002	94.18	0.62	Neural Network (Specific Model)	11	0.883	23839	291.08277541083385	1622659	0.35	1643	116	118702	None	Alta calidad	B	ZEB	2025	0702		MAGScoT_cleanbin_000002	Zeberio	Vizcaya	Agricola
BPZEB250702.MAGScoT_cleanbin_000003	81.45	3.33	Neural Network (Specific Model)	11	0.839	3543	246.58947885939037	1789708	0.45	2034	590	12797	None	Calidad media	B	ZEB	2025	0702		MAGScoT_cleanbin_000003	Zeberio	Vizcaya	Agricola
BPZEB250703.MAGScoT_cleanbin_000001	99.99	2.65	Neural Network (Specific Model)	11	0.825	14826	286.74492497793466	2360638	0.44	2266	319	47386	None	Alta calidad	B	ZEB	2025	0703		MAGScoT_cleanbin_000001	Zeberio	Vizcaya	Agricola
BPZEB250703.MAGScoT_cleanbin_000002	92.54	3.01	Neural Network (Specific Model)	11	0.822	6351	267.0937272064187	2668224	0.35	2742	611	205533	None	Alta calidad	B	ZEB	2025	0703		MAGScoT_cleanbin_000002	Zeberio	Vizcaya	Agricola
BPZEB250703.MAGScoT_cleanbin_000003	60.49	0.67	Gradient Boost (General Model)	11	0.852	2230	238.03658536585365	1235088	0.47	1476	615	8599	None	Calidad media	B	ZEB	2025	0703		MAGScoT_cleanbin_000003	Zeberio	Vizcaya	Agricola
BPZEB250704.MAGScoT_cleanbin_000001	100	0.09	Neural Network (Specific Model)	11	0.82	111462	298.01974865350087	2427814	0.44	2228	52	197401	None	Alta calidad	B	ZEB	2025	0704		MAGScoT_cleanbin_000001	Zeberio	Vizcaya	Agricola
BPZEB250704.MAGScoT_cleanbin_000002	95.37	1.25	Neural Network (Specific Model)	11	0.824	23323	333.9654457498272	1758400	0.47	1447	127	84118	None	Alta calidad	B	ZEB	2025	0704		MAGScoT_cleanbin_000002	Zeberio	Vizcaya	Agricola
BPZEB250704.MAGScoT_cleanbin_000003	82.09	17.93	Gradient Boost (General Model)	11	0.821	2674	224.36553524804177	3132969	0.34	3830	1339	22656	None	Rejects	B	ZEB	2025	0704		MAGScoT_cleanbin_000003	Zeberio	Vizcaya	Agricola
BPZEB250704.MAGScoT_cleanbin_000004	80.09	18.77	Gradient Boost (General Model)	11	0.881	5752	275.0022532672375	2075729	0.37	2219	503	26533	None	Rejects	B	ZEB	2025	0704		MAGScoT_cleanbin_000004	Zeberio	Vizcaya	Agricola
BPZEB250705.MAGScoT_cleanbin_000001	100	1.85	Neural Network (Specific Model)	11	0.815	82437	296.11310517529216	2607886	0.44	2396	127	255611	None	Alta calidad	B	ZEB	2025	0705		MAGScoT_cleanbin_000001	Zeberio	Vizcaya	Agricola
BPATZ251103.MAGScoT_cleanbin_000001	100	0.11	Neural Network (Specific Model)	11	0.818	89872	298.43554952510175	2418006	0.44	2211	57	309349	None	Alta calidad	B	ATZ	2025	1103		MAGScoT_cleanbin_000001	Asteazu	Guipuzcoa	Agricola
BPDON240903.MAGScoT_cleanbin_000004	79.72	5	Neural Network (Specific Model)	11	0.772	8049	253.29422581831557	2670929	0.35	2719	621	42364	None	Calidad media	B	DON	2024	0903		MAGScoT_cleanbin_000004	Donostia	Guipuzcoa	Urbano
BPGOR241407M.MAGScoT_cleanbin_000001	99.99	0.08	Neural Network (Specific Model)	11	0.864	168684	318.25714285714287	2278062	0.35	2065	25	333926	None	Alta calidad	B	GOR	2024	1407	M	MAGScoT_cleanbin_000001	Gorbea	Vizcaya	Natural
BPKAR250401.MAGScoT_cleanbin_000003	82.49	1.96	Neural Network (Specific Model)	11	0.882	10930	283.18435091879076	1620493	0.34	1687	231	49962	None	Calidad media	B	KAR	2025	0401		MAGScoT_cleanbin_000003	Karkamo	Araba	Agricola
BPZEB240717M.MAGScoT_cleanbin_000005	66.86	10.76	Neural Network (Specific Model)	11	0.85	3894	231.43711931207451	2275610	0.36	2791	781	41693	None	Calidad aceptable	B	ZEB	2024	0717	M	MAGScoT_cleanbin_000005	Zeberio	Vizcaya	Agricola
